<?xml version="1.0" encoding="UTF-8"?>
<DEFECTS>
  <DEFECT>
    <SFA>
      <FILEPATH>\\apporto.com\dfs\SNHU\USERS\ryanalvarado_snhu\Documents\Project3\Project3\</FILEPATH>
      <FILENAME>Main.cpp</FILENAME>
      <LINE>63</LINE>
      <COLUMN>1</COLUMN>
    </SFA>
    <DEFECTCODE>6011</DEFECTCODE>
    <DESCRIPTION>Dereferencing NULL pointer '_py_decref_tmp'. </DESCRIPTION>
    <FUNCTION>callIntFunc</FUNCTION>
    <DECORATED>?callIntFunc@@YAHV?$basic_string@DU?$char_traits@D@std@@V?$allocator@D@2@@std@@0@Z</DECORATED>
    <FUNCLINE>31</FUNCLINE>
    <PROBABILITY>1</PROBABILITY>
    <RANK>4</RANK>
    <CATEGORY>
      <RULECATEGORY>mspft</RULECATEGORY>
    </CATEGORY>
    <PATH>
      <SFA>
        <FILEPATH>\\apporto.com\dfs\SNHU\USERS\ryanalvarado_snhu\Documents\Project3\Project3\</FILEPATH>
        <FILENAME>Main.cpp</FILENAME>
        <LINE>33</LINE>
        <COLUMN>5</COLUMN>
      </SFA>
      <SFA>
        <FILEPATH>\\apporto.com\dfs\SNHU\USERS\ryanalvarado_snhu\Documents\Project3\Project3\</FILEPATH>
        <FILENAME>Main.cpp</FILENAME>
        <LINE>34</LINE>
        <COLUMN>12</COLUMN>
      </SFA>
      <SFA>
        <FILEPATH>\\apporto.com\dfs\SNHU\USERS\ryanalvarado_snhu\Documents\Project3\Project3\</FILEPATH>
        <FILENAME>Main.cpp</FILENAME>
        <LINE>36</LINE>
        <COLUMN>5</COLUMN>
      </SFA>
      <SFA>
        <FILEPATH>\\apporto.com\dfs\SNHU\USERS\ryanalvarado_snhu\Documents\Project3\Project3\</FILEPATH>
        <FILENAME>Main.cpp</FILENAME>
        <LINE>37</LINE>
        <COLUMN>12</COLUMN>
      </SFA>
      <SFA>
        <FILEPATH>\\apporto.com\dfs\SNHU\USERS\ryanalvarado_snhu\Documents\Project3\Project3\</FILEPATH>
        <FILENAME>Main.cpp</FILENAME>
        <LINE>40</LINE>
        <COLUMN>11</COLUMN>
      </SFA>
      <SFA>
        <FILEPATH>\\apporto.com\dfs\SNHU\USERS\ryanalvarado_snhu\Documents\Project3\Project3\</FILEPATH>
        <FILENAME>Main.cpp</FILENAME>
        <LINE>40</LINE>
        <COLUMN>20</COLUMN>
      </SFA>
      <SFA>
        <FILEPATH>\\apporto.com\dfs\SNHU\USERS\ryanalvarado_snhu\Documents\Project3\Project3\</FILEPATH>
        <FILENAME>Main.cpp</FILENAME>
        <LINE>40</LINE>
        <COLUMN>31</COLUMN>
      </SFA>
      <SFA>
        <FILEPATH>\\apporto.com\dfs\SNHU\USERS\ryanalvarado_snhu\Documents\Project3\Project3\</FILEPATH>
        <FILENAME>Main.cpp</FILENAME>
        <LINE>40</LINE>
        <COLUMN>40</COLUMN>
      </SFA>
      <SFA>
        <FILEPATH>\\apporto.com\dfs\SNHU\USERS\ryanalvarado_snhu\Documents\Project3\Project3\</FILEPATH>
        <FILENAME>Main.cpp</FILENAME>
        <LINE>40</LINE>
        <COLUMN>47</COLUMN>
      </SFA>
      <SFA>
        <FILEPATH>\\apporto.com\dfs\SNHU\USERS\ryanalvarado_snhu\Documents\Project3\Project3\</FILEPATH>
        <FILENAME>Main.cpp</FILENAME>
        <LINE>40</LINE>
        <COLUMN>67</COLUMN>
      </SFA>
      <SFA>
        <FILEPATH>\\apporto.com\dfs\SNHU\USERS\ryanalvarado_snhu\Documents\Project3\Project3\</FILEPATH>
        <FILENAME>Main.cpp</FILENAME>
        <LINE>42</LINE>
        <COLUMN>14</COLUMN>
      </SFA>
      <SFA>
        <FILEPATH>\\apporto.com\dfs\SNHU\USERS\ryanalvarado_snhu\Documents\Project3\Project3\</FILEPATH>
        <FILENAME>Main.cpp</FILENAME>
        <LINE>44</LINE>
        <COLUMN>7</COLUMN>
      </SFA>
      <SFA>
        <FILEPATH>\\apporto.com\dfs\SNHU\USERS\ryanalvarado_snhu\Documents\Project3\Project3\</FILEPATH>
        <FILENAME>Main.cpp</FILENAME>
        <LINE>46</LINE>
        <COLUMN>9</COLUMN>
      </SFA>
      <SFA>
        <FILEPATH>\\apporto.com\dfs\SNHU\USERS\ryanalvarado_snhu\Documents\Project3\Project3\</FILEPATH>
        <FILENAME>Main.cpp</FILENAME>
        <LINE>48</LINE>
        <COLUMN>7</COLUMN>
      </SFA>
      <SFA>
        <FILEPATH>\\apporto.com\dfs\SNHU\USERS\ryanalvarado_snhu\Documents\Project3\Project3\</FILEPATH>
        <FILENAME>Main.cpp</FILENAME>
        <LINE>50</LINE>
        <COLUMN>7</COLUMN>
      </SFA>
      <SFA>
        <FILEPATH>\\apporto.com\dfs\SNHU\USERS\ryanalvarado_snhu\Documents\Project3\Project3\</FILEPATH>
        <FILENAME>Main.cpp</FILENAME>
        <LINE>51</LINE>
        <COLUMN>21</COLUMN>
      </SFA>
      <SFA>
        <FILEPATH>\\apporto.com\dfs\SNHU\USERS\ryanalvarado_snhu\Documents\Project3\Project3\</FILEPATH>
        <FILENAME>Main.cpp</FILENAME>
        <LINE>60</LINE>
        <COLUMN>13</COLUMN>
      </SFA>
      <SFA>
        <FILEPATH>\\apporto.com\dfs\SNHU\USERS\ryanalvarado_snhu\Documents\Project3\Project3\</FILEPATH>
        <FILENAME>Main.cpp</FILENAME>
        <LINE>63</LINE>
        <COLUMN>1</COLUMN>
        <KEYEVENT>
          <ID>1</ID>
          <KIND>declaration</KIND>
          <IMPORTANCE>Essential</IMPORTANCE>
          <MESSAGE>'_py_decref_tmp' may be NULL</MESSAGE>
        </KEYEVENT>
      </SFA>
      <SFA>
        <FILEPATH>\\apporto.com\dfs\SNHU\USERS\ryanalvarado_snhu\Documents\Project3\Project3\</FILEPATH>
        <FILENAME>Main.cpp</FILENAME>
        <LINE>63</LINE>
        <COLUMN>1</COLUMN>
        <KEYEVENT>
          <ID>2</ID>
          <KIND>usage</KIND>
          <IMPORTANCE>Essential</IMPORTANCE>
          <MESSAGE>'_py_decref_tmp' is dereferenced, but may still be NULL</MESSAGE>
        </KEYEVENT>
      </SFA>
    </PATH>
  </DEFECT>
  <DEFECT>
    <SFA>
      <FILEPATH>\\apporto.com\dfs\SNHU\USERS\ryanalvarado_snhu\Documents\Project3\Project3\</FILEPATH>
      <FILENAME>Main.cpp</FILENAME>
      <LINE>108</LINE>
      <COLUMN>1</COLUMN>
    </SFA>
    <DEFECTCODE>6011</DEFECTCODE>
    <DESCRIPTION>Dereferencing NULL pointer '_py_decref_tmp'. </DESCRIPTION>
    <FUNCTION>callIntFunc</FUNCTION>
    <DECORATED>?callIntFunc@@YAHV?$basic_string@DU?$char_traits@D@std@@V?$allocator@D@2@@std@@H@Z</DECORATED>
    <FUNCLINE>80</FUNCLINE>
    <PROBABILITY>1</PROBABILITY>
    <RANK>4</RANK>
    <CATEGORY>
      <RULECATEGORY>mspft</RULECATEGORY>
    </CATEGORY>
    <PATH>
      <SFA>
        <FILEPATH>\\apporto.com\dfs\SNHU\USERS\ryanalvarado_snhu\Documents\Project3\Project3\</FILEPATH>
        <FILENAME>Main.cpp</FILENAME>
        <LINE>82</LINE>
        <COLUMN>5</COLUMN>
      </SFA>
      <SFA>
        <FILEPATH>\\apporto.com\dfs\SNHU\USERS\ryanalvarado_snhu\Documents\Project3\Project3\</FILEPATH>
        <FILENAME>Main.cpp</FILENAME>
        <LINE>83</LINE>
        <COLUMN>12</COLUMN>
      </SFA>
      <SFA>
        <FILEPATH>\\apporto.com\dfs\SNHU\USERS\ryanalvarado_snhu\Documents\Project3\Project3\</FILEPATH>
        <FILENAME>Main.cpp</FILENAME>
        <LINE>85</LINE>
        <COLUMN>11</COLUMN>
      </SFA>
      <SFA>
        <FILEPATH>\\apporto.com\dfs\SNHU\USERS\ryanalvarado_snhu\Documents\Project3\Project3\</FILEPATH>
        <FILENAME>Main.cpp</FILENAME>
        <LINE>85</LINE>
        <COLUMN>20</COLUMN>
      </SFA>
      <SFA>
        <FILEPATH>\\apporto.com\dfs\SNHU\USERS\ryanalvarado_snhu\Documents\Project3\Project3\</FILEPATH>
        <FILENAME>Main.cpp</FILENAME>
        <LINE>85</LINE>
        <COLUMN>31</COLUMN>
      </SFA>
      <SFA>
        <FILEPATH>\\apporto.com\dfs\SNHU\USERS\ryanalvarado_snhu\Documents\Project3\Project3\</FILEPATH>
        <FILENAME>Main.cpp</FILENAME>
        <LINE>85</LINE>
        <COLUMN>40</COLUMN>
      </SFA>
      <SFA>
        <FILEPATH>\\apporto.com\dfs\SNHU\USERS\ryanalvarado_snhu\Documents\Project3\Project3\</FILEPATH>
        <FILENAME>Main.cpp</FILENAME>
        <LINE>85</LINE>
        <COLUMN>47</COLUMN>
      </SFA>
      <SFA>
        <FILEPATH>\\apporto.com\dfs\SNHU\USERS\ryanalvarado_snhu\Documents\Project3\Project3\</FILEPATH>
        <FILENAME>Main.cpp</FILENAME>
        <LINE>85</LINE>
        <COLUMN>67</COLUMN>
      </SFA>
      <SFA>
        <FILEPATH>\\apporto.com\dfs\SNHU\USERS\ryanalvarado_snhu\Documents\Project3\Project3\</FILEPATH>
        <FILENAME>Main.cpp</FILENAME>
        <LINE>87</LINE>
        <COLUMN>14</COLUMN>
      </SFA>
      <SFA>
        <FILEPATH>\\apporto.com\dfs\SNHU\USERS\ryanalvarado_snhu\Documents\Project3\Project3\</FILEPATH>
        <FILENAME>Main.cpp</FILENAME>
        <LINE>89</LINE>
        <COLUMN>7</COLUMN>
      </SFA>
      <SFA>
        <FILEPATH>\\apporto.com\dfs\SNHU\USERS\ryanalvarado_snhu\Documents\Project3\Project3\</FILEPATH>
        <FILENAME>Main.cpp</FILENAME>
        <LINE>91</LINE>
        <COLUMN>9</COLUMN>
      </SFA>
      <SFA>
        <FILEPATH>\\apporto.com\dfs\SNHU\USERS\ryanalvarado_snhu\Documents\Project3\Project3\</FILEPATH>
        <FILENAME>Main.cpp</FILENAME>
        <LINE>93</LINE>
        <COLUMN>7</COLUMN>
      </SFA>
      <SFA>
        <FILEPATH>\\apporto.com\dfs\SNHU\USERS\ryanalvarado_snhu\Documents\Project3\Project3\</FILEPATH>
        <FILENAME>Main.cpp</FILENAME>
        <LINE>95</LINE>
        <COLUMN>7</COLUMN>
      </SFA>
      <SFA>
        <FILEPATH>\\apporto.com\dfs\SNHU\USERS\ryanalvarado_snhu\Documents\Project3\Project3\</FILEPATH>
        <FILENAME>Main.cpp</FILENAME>
        <LINE>96</LINE>
        <COLUMN>21</COLUMN>
      </SFA>
      <SFA>
        <FILEPATH>\\apporto.com\dfs\SNHU\USERS\ryanalvarado_snhu\Documents\Project3\Project3\</FILEPATH>
        <FILENAME>Main.cpp</FILENAME>
        <LINE>105</LINE>
        <COLUMN>13</COLUMN>
      </SFA>
      <SFA>
        <FILEPATH>\\apporto.com\dfs\SNHU\USERS\ryanalvarado_snhu\Documents\Project3\Project3\</FILEPATH>
        <FILENAME>Main.cpp</FILENAME>
        <LINE>108</LINE>
        <COLUMN>1</COLUMN>
        <KEYEVENT>
          <ID>1</ID>
          <KIND>declaration</KIND>
          <IMPORTANCE>Essential</IMPORTANCE>
          <MESSAGE>'_py_decref_tmp' may be NULL</MESSAGE>
        </KEYEVENT>
      </SFA>
      <SFA>
        <FILEPATH>\\apporto.com\dfs\SNHU\USERS\ryanalvarado_snhu\Documents\Project3\Project3\</FILEPATH>
        <FILENAME>Main.cpp</FILENAME>
        <LINE>108</LINE>
        <COLUMN>1</COLUMN>
        <KEYEVENT>
          <ID>2</ID>
          <KIND>usage</KIND>
          <IMPORTANCE>Essential</IMPORTANCE>
          <MESSAGE>'_py_decref_tmp' is dereferenced, but may still be NULL</MESSAGE>
        </KEYEVENT>
      </SFA>
    </PATH>
  </DEFECT>
</DEFECTS>